model_name,mean_calibration_error
LR,0.34048201091325825
RF,0.014652139074732727
XGB,0.0769038080285984
