region_label,n,positives,positive_rate
California (USA),21654,812,0.03749884547889536
Portugal,21016,285,0.01356109630757518
Southeast Australia,21760,1270,0.058363970588235295
