model_name,threshold,threshold_type,precision,recall,f1
LR,0.5,default,0.03152364273204904,0.3711340206185567,0.05811138014527845
LR,0.78,best_f1,0.041666666666666664,0.010309278350515464,0.01652892561983471
RF,0.5,default,0.0,0.0,0.0
RF,0.2,best_f1,0.18421052631578946,0.07216494845360824,0.1037037037037037
XGB,0.5,default,0.112,0.14432989690721648,0.12612612612612611
XGB,0.8300000000000001,best_f1,0.2727272727272727,0.061855670103092786,0.10084033613445378
