feature,importance
season_idx,0.22965774
day_of_year,0.12849927
slope,0.093534365
elevation,0.059272908
vapor_pressure_deficit,0.05581583
ndvi,0.05539799
precip_7d_sum,0.049452435
relative_humidity,0.046749793
temp_7d_mean,0.044037934
evi,0.042893443
low_precip_days_7d,0.038186148
ndvi_lag7,0.035769176
dewpoint_temperature_2m,0.029961593
wind_speed,0.025090437
temperature_2m,0.02296512
total_precipitation,0.021597767
ndvi_delta7,0.021118108
